{
  "formatVersion": 1,
  "database": {
    "version": 1,
    "identityHash": "5e2aabb41f797af1d4027775e3cbc7eb",
    "entities": [
      {
        "tableName": "usuarios",
        "createSql": "CREATE TABLE IF NOT EXISTS `${TABLE_NAME}` (`idUser` INTEGER NOT NULL, `password` TEXT NOT NULL, PRIMARY KEY(`idUser`))",
        "fields": [
          {
            "fieldPath": "idUser",
            "columnName": "idUser",
            "affinity": "INTEGER",
            "notNull": true
          },
          {
            "fieldPath": "password",
            "columnName": "password",
            "affinity": "TEXT",
            "notNull": true
          }
        ],
        "primaryKey": {
          "autoGenerate": false,
          "columnNames": [
            "idUser"
          ]
        },
        "indices": [],
        "foreignKeys": []
      }
    ],
    "views": [],
    "setupQueries": [
      "CREATE TABLE IF NOT EXISTS room_master_table (id INTEGER PRIMARY KEY,identity_hash TEXT)",
      "INSERT OR REPLACE INTO room_master_table (id,identity_hash) VALUES(42, '5e2aabb41f797af1d4027775e3cbc7eb')"
    ]
  }
}